LUFTTEMPERATUR,REL_FEUCHTE,Avg_Lufttemperatur,Std_Lufttemperatur,Avg_Rel_Feuchte,Std_Rel_Feuchte
21.286594580020772,37.80763478225103,22.408298683332504,4.853363083451082,54.700260458793714,15.871533199342869
21.389303248525376,46.52098076707202,,,,
19.19781174653133,42.62654040075471,,,,
17.92203819727097,58.935428802954306,,,,
16.941767065404484,57.26089474678723,,,,
17.94501661513565,66.42601538184516,,,,
17.67529979177493,64.57025159168445,,,,
16.68641163731971,63.487755290243925,,,,
15.010604025028778,63.62749425688375,,,,
16.858418012124364,66.7093018245391,,,,
13.976504455444049,77.62263421600835,,,,
15.092476878738468,69.65407585523936,,,,
14.389620718870486,78.32171702641472,,,,
15.753366092618178,67.9732367000718,,,,
16.64668832071242,71.92753262498763,,,,
19.382779510637125,70.01932025987118,,,,
22.160959685836467,52.34678029675881,,,,
19.25679379853314,51.755673367696374,,,,
20.900179808013473,57.67584595778557,,,,
20.98550337184524,53.95760705350301,,,,
22.719587960616362,49.442090985036,,,,
22.41708938215734,46.780735852704936,,,,
26.85266463411151,46.33434947073047,,,,
24.993722784315256,43.291967342471786,,,,
24.69069035094628,45.27301256407239,,,,
25.25382788730465,49.89138703065558,,,,
23.743700641879077,53.61310884702888,,,,
21.301283251276594,54.024487147166965,,,,
21.056926859931256,63.04108393712492,,,,
18.72019637296095,57.90967498921043,,,,
19.75219732570854,63.64834668737352,,,,
16.60726558481655,67.05764553347845,,,,
18.5792150425861,64.79930210171996,,,,
18.33169590904143,63.56155380892635,,,,
15.251886809092905,74.29563396875871,,,,
16.44454589138042,69.51554523396382,,,,
15.397598208604142,68.28326974288588,,,,
16.607509279134433,72.50960391760346,,,,
17.69122213075825,65.91419420354431,,,,
20.74281435394314,63.026335657459356,,,,
21.141853505929095,65.20127038733305,,,,
21.560007792469673,52.30748485161228,,,,
24.50524294327414,47.981391408683535,,,,
26.073614205111653,39.41421885121795,,,,
27.06790073435306,40.85953032228587,,,,
26.99098771839401,42.01448554623567,,,,
27.026690860666683,39.20889340643655,,,,
25.551092853515012,39.33763611101395,,,,
28.557192072796408,36.36144843061011,,,,
26.92159635760447,39.041867244389096,,,,
28.7066802390722,36.6693883805756,,,,
24.630740704246996,45.76239176575086,,,,
24.11243123540048,53.2358383100426,,,,
19.698678970600056,58.945242185487835,,,,
20.63012647227053,63.70692792397756,,,,
20.45568261166071,70.36922748546671,,,,
19.575734415424165,63.10998596188443,,,,
19.705680073845947,66.49266609602678,,,,
16.81861673771985,67.1737889633059,,,,
16.39668025883386,68.83929092921642,,,,
17.86951921287742,70.72666623226553,,,,
17.745661180452984,75.13154277401122,,,,
18.510974677172094,73.16295031818755,,,,
21.42542372233723,64.56757828836378,,,,
24.391667702805012,60.27600759469867,,,,
22.26014686368956,60.502375766536474,,,,
19.43043497263194,51.8361722391603,,,,
24.010596947825793,51.77543631096884,,,,
21.636973154947338,47.88557285702956,,,,
23.533734008849276,42.73398256632092,,,,
24.527155451666857,44.10772466456664,,,,
22.42356327423683,48.580039964610975,,,,
21.942315187369456,54.04095519187715,,,,
21.42065658707995,58.02890997498576,,,,
21.15655476740835,59.005335951033196,,,,
20.338212219084348,62.80286118412297,,,,
21.82679265106762,58.41147970564615,,,,
20.614587318240897,63.42269222665312,,,,
20.274295161940017,63.02685667322432,,,,
17.114368500108363,69.14078045904446,,,,
19.289026195129303,67.33008661227112,,,,
18.360552729586203,70.07537572472856,,,,
18.10439617937455,65.85266429181213,,,,
16.777669960505186,74.70100187048946,,,,
17.62861375111405,75.40351094679326,,,,
15.301839004630624,80.85314423299741,,,,
18.142136367846838,72.45885422082212,,,,
20.898218136613554,60.03735566175744,,,,
22.409472715170377,55.06410064760898,,,,
25.547564062203218,46.410466374733986,,,,
22.45539275083979,43.45753416444702,,,,
22.267316225774046,43.28357109226452,,,,
23.043162918028138,42.6191000128597,,,,
23.40700674173012,39.19853429958371,,,,
28.35030309526876,35.603308713893846,,,,
25.3097252597673,41.59488312004727,,,,
27.049837679935624,38.04738750013007,,,,
24.929356197643695,45.877163685040074,,,,
24.26882716697471,43.51884917092488,,,,
23.90580326787763,54.46550771720124,,,,
21.292754081708246,61.54219752403565,,,,
20.51127689938562,69.67057333204059,,,,
19.525742835974686,61.79926283511756,,,,
18.438044896148146,62.15224253235468,,,,
17.110404476910674,64.90873936279486,,,,
17.902582363141313,78.95292509687609,,,,
15.332039672974041,67.29462466875152,,,,
16.46023253850772,69.08985497829484,,,,
16.43676365838374,75.3883009170226,,,,
17.846338932638123,73.39526877647505,,,,
19.960224143011168,71.37452935478241,,,,
20.870409821723488,66.09871443755772,,,,
22.175504980478664,55.363480489443184,,,,
24.810959481252976,48.58831655224688,,,,
24.182262086220167,44.32992479874868,,,,
26.957282719008525,43.86400298149987,,,,
29.49619768826919,39.032012286650584,,,,
27.99965511011822,44.90466593328794,,,,
27.34037211095458,37.92553628117199,,,,
30.556127804432226,40.64373131241403,,,,
29.986892944469673,44.77275001428308,,,,
27.370790297442714,46.47818037509229,,,,
27.57666527368424,44.210401036419526,,,,
23.535381876741056,54.14108722068551,,,,
21.41244925731528,58.08922201682496,,,,
22.97765782537622,62.6520490243133,,,,
22.74785347910059,68.23386220027955,,,,
18.63110578872479,73.48266977691547,,,,
18.53344698283881,78.25696684196112,,,,
19.09299297185005,87.34328537251297,,,,
16.731460316591225,85.45774006502177,,,,
18.08803325492776,76.59827912132877,,,,
16.414462560374226,93.60229938112089,,,,
16.508331627426777,78.1107340608771,,,,
20.178309571131933,77.16416496316717,,,,
20.63383637621248,66.4900430055104,,,,
22.93008645014676,56.39335163491835,,,,
24.329018436876776,56.18517600362734,,,,
28.221509415738552,53.10040853214446,,,,
28.033086731712796,52.35756584738861,,,,
32.94016683572588,43.58001667069013,,,,
32.0744247304273,49.82308189536116,,,,
32.350048447836265,46.793052027431976,,,,
32.264864487893874,46.87795042213355,,,,
29.375103931735996,40.094742858473865,,,,
29.316616433380922,39.279741128270416,,,,
29.343183746194967,42.512083740088386,,,,
28.964248945388206,43.29932072664471,,,,
26.372405107323367,48.97751994446665,,,,
24.820561296095494,55.380238537109214,,,,
21.86844207827132,60.77338644729323,,,,
21.583954943853257,70.06960912490325,,,,
22.819513305401774,70.88799513971831,,,,
22.10351435786895,74.39619462311424,,,,
18.839680748813677,69.45116110551777,,,,
19.020482309601427,72.71895073678047,,,,
19.861431398809657,72.11915151759779,,,,
18.924673143823153,77.24990599656292,,,,
24.386855320098014,76.48036643709519,,,,
23.47790546168948,54.03642149669481,,,,
26.372463905968047,51.872021823822585,,,,
27.041082846274836,51.54591865482073,,,,
25.271303721206632,49.88986743441386,,,,
29.21399273629784,38.25571600699211,,,,
27.45624287385594,36.762301410937226,,,,
28.512077495458342,38.933640121586244,,,,
25.933606147611123,42.91853023130978,,,,
27.136203795497988,38.925529561351155,,,,
26.685847199135836,49.75365019125928,,,,
24.468066966221187,57.61034858325613,,,,
21.51467474784624,49.71498516286911,,,,
22.911561429263074,43.545403283402855,,,,
18.48467828254355,43.59792203038598,,,,
18.71211784133015,41.118435091381954,,,,
18.85968327658024,41.14626774845104,,,,
15.628642173777314,50.62167056167377,,,,
14.167905087563506,51.62933937009113,,,,
14.070879857873168,48.62915992014113,,,,
13.440393757598327,48.48427944483637,,,,
12.01444068877265,58.43133433012048,,,,
9.558634478116259,60.092133129537345,,,,
11.408111578734664,62.64266171966574,,,,
10.926544246214396,60.16664360861794,,,,
16.33980406839621,50.44475011027596,,,,
16.182466438251865,47.91604563660101,,,,
18.815449407684884,36.8909185548619,,,,
18.527552750931356,36.664056436067675,,,,
20.416919624879576,41.702953972698815,,,,
20.806693641442592,36.209103613913484,,,,
21.098290342581112,39.558000583554126,,,,
18.629001784319442,34.13330615139086,,,,
19.23402453149834,37.52266763304762,,,,
17.4327846772184,38.468304509697326,,,,
18.84665060691051,41.726457218922675,,,,
17.029410200032004,42.86558497663819,,,,
16.738131775854903,46.26390297667401,,,,
15.257860854389468,44.17454093568231,,,,
15.038862961416868,56.743118377162254,,,,
12.968196802381192,55.56409240393094,,,,
14.443649927876992,57.614447665808626,,,,
11.207093120865816,61.818022725127086,,,,
11.21756295302145,69.06474768509406,,,,
11.929292074088623,72.74848187352325,,,,
10.282160858558374,68.99401505266339,,,,
11.082331486410101,68.25644140539421,,,,
11.658323578879294,66.25501139499674,,,,
10.685018274257835,77.25287392442651,,,,
13.363751290546201,66.5908980913344,,,,
16.95368913471117,55.975759101045725,,,,
20.373968491041513,50.79882513260272,,,,
21.387380084804814,41.64559004627599,,,,
19.65813861281095,43.719586075193206,,,,
21.39952848712412,37.5255011234017,,,,
19.79716151427543,41.20462565208827,,,,
23.530027055689935,36.98683895849846,,,,
23.119510509363657,38.10250357462461,,,,
21.7898109162748,33.81356499462259,,,,
21.57172195116796,39.71485225988656,,,,
22.10799914781419,39.33143625509324,,,,
17.973176809575705,47.25929533345512,,,,
18.01547428681471,49.430087344837624,,,,
15.722314550446676,54.69764585476946,,,,
15.926284908508036,64.48091483772936,,,,
13.27491103329362,64.41595395355702,,,,
14.855703857752005,66.2389067960002,,,,
14.566160615375079,70.16179201258781,,,,
12.825317425451873,76.06752610090858,,,,
11.405594808012424,70.71054663076937,,,,
12.441677176952986,73.04910237462207,,,,
11.192935679176427,72.3991280861992,,,,
13.738807325370006,65.86997896742565,,,,
13.364996126917601,70.49555836400032,,,,
13.814557662783216,68.63104002412643,,,,
17.57546312948854,56.428648364349755,,,,
16.75937883855377,52.35745066716459,,,,
18.582035455922068,53.031164893418726,,,,
20.932160992351424,50.62745604445473,,,,
25.38834689462571,44.075649425988935,,,,
22.40064505004061,45.98277365521149,,,,
21.557526815649283,42.0392736509357,,,,
21.07840228159092,43.765367060633736,,,,
21.144340297469054,43.901280723498814,,,,
19.495284010987476,49.71932007708648,,,,
17.95684620138285,46.77263946064129,,,,
18.12301968722287,54.37968416128107,,,,
16.249160739127348,53.99327421712699,,,,
18.499036798365058,61.57307518727761,,,,
17.265203385287183,64.37312232156276,,,,
15.725115143401931,68.70275530801204,,,,
16.26720794981965,63.38129314199179,,,,
14.765172533939879,80.78589674645683,,,,
14.890124056011441,73.19655053384537,,,,
14.588916930744285,73.44603280249989,,,,
13.20491667795486,69.40252947888152,,,,
14.183162794961564,69.35889121682351,,,,
15.861202545297296,62.430736572202456,,,,
20.031703688959766,56.54667480721773,,,,
20.52451426975337,54.69709292558509,,,,
22.276580280746316,47.27885157030086,,,,
21.641139467261098,51.604089764594264,,,,
22.438380002718656,36.34906523973589,,,,
25.486273895313772,38.961339089304,,,,
25.02554488927186,44.51458515595223,,,,
23.654823154517402,42.53344554133167,,,,
22.6885580870996,40.96506250039858,,,,
25.314449998366264,41.17712268680413,,,,
22.421922474496597,39.816134582329454,,,,
20.11242305485023,46.062090877446444,,,,
18.019979994328718,51.87433712491343,,,,
18.36905253943429,59.49042063731552,,,,
18.056580371936818,58.518399261246905,,,,
18.69529885572103,60.92972473139829,,,,
16.334615221472713,70.04646105921272,,,,
15.196625680943011,70.5462085095496,,,,
15.357043038351389,70.17709262167484,,,,
13.673497042216813,77.5456848995929,,,,
12.312379766287284,85.344299450745,,,,
14.6093191973955,72.6753408616936,,,,
15.543881351851676,72.12433927641011,,,,
21.139354262808574,58.06981101863695,,,,
23.551045301623432,48.58155365008229,,,,
25.843528502456188,42.269747698461806,,,,
25.0080568509121,42.09711387908643,,,,
28.066275787909746,40.46640457365885,,,,
27.748344228525433,37.180847699447526,,,,
28.180100658122875,37.536957667133,,,,
29.127592065700473,39.76530671733948,,,,
26.757383396210706,40.89128608149446,,,,
28.32947024525899,39.98990163725085,,,,
25.810374367585524,37.94658310897218,,,,
23.812468502351546,41.649103813530154,,,,
22.227740650401987,50.889254559789975,,,,
21.78583684310782,56.58956690730683,,,,
20.300676503869365,55.45545440543461,,,,
19.57940554001647,58.50280963019807,,,,
20.239210060324933,56.92858818501936,,,,
19.36695786377129,62.509311093633755,,,,
20.99009498296096,62.74491624213915,,,,
20.084281043262298,54.54945461901201,,,,
19.65641782331783,57.244123794975124,,,,
17.83640146773314,63.03923047662122,,,,
15.375964067823544,75.59723777337899,,,,
16.542233651709186,66.27442626336159,,,,
20.65518871630824,63.33810697412727,,,,
25.170988607619286,54.30974091104783,,,,
23.876975282374254,35.69114708698958,,,,
24.147202671638645,34.85496295075245,,,,
23.61571140179404,36.037152378210116,,,,
23.68805199464871,35.8980960688976,,,,
27.671766592982898,31.57545708857557,,,,
23.882302384132124,41.72411339214959,,,,
27.86336017439863,40.73703695530668,,,,
26.43844058234947,33.370817742925624,,,,
24.244211693993872,32.90518952358653,,,,
26.85237356204617,35.947126090368116,,,,
26.932152037177907,31.834310062593424,,,,
24.12119082844778,32.09751053361261,,,,
21.792139882978823,40.018767163084114,,,,
18.23497549406605,44.26938602436418,,,,
21.580622360951985,39.26262170725741,,,,
19.734406521375234,41.138937802014624,,,,
21.107251560840915,42.70975154568094,,,,
19.121082372654783,43.79203933729757,,,,
20.181288718366265,42.53365519029466,,,,
17.378088626410364,46.59908227224349,,,,
16.348643619330204,59.072717886656164,,,,
16.639145432573905,56.72899203153351,,,,
18.73283974108875,41.789881538430066,,,,
26.352185063783658,34.53484255874247,,,,
24.621556582815824,35.4632777576748,,,,
23.76789431321155,38.96721590252394,,,,
23.503201721561215,34.56531898259982,,,,
27.38889942893692,38.12999217553162,,,,
23.25326099153762,43.54567579659312,,,,
23.174482424209774,41.30988884025925,,,,
22.35243122887329,46.74291284257108,,,,
21.177443710245672,45.30238825713404,,,,
24.456052776975884,48.074736295017246,,,,
23.029593360809418,49.001310404657325,,,,
22.280649104952392,51.56269451125334,,,,
22.078259456751837,47.91170040776063,,,,
21.235620175974468,50.15650904021546,,,,
21.036155365523516,52.29930737354893,,,,
18.490937737453045,60.09177531937056,,,,
20.00438430114383,62.49970247429777,,,,
19.110748985485102,57.77982243123081,,,,
19.061797813513337,73.29896393697533,,,,
15.969707655740724,79.36442870713836,,,,
15.916089375611946,72.51880775924393,,,,
17.704413882218375,79.34660747421736,,,,
19.928379721594187,74.85070454962349,,,,
18.22557378790795,68.53190760441646,,,,
22.49138321228564,64.20869412791332,,,,
23.913392745212544,52.016115669908295,,,,
25.881963584988135,59.029769874108624,,,,
24.862813594519398,51.68950294832157,,,,
25.860500053975926,45.120175739430735,,,,
26.787754534652375,44.57652974070602,,,,
27.913315796694206,39.612441802816626,,,,
27.04286095342809,44.82481996783062,,,,
28.641089748798258,43.24597501775494,,,,
28.869457285248746,43.64195557460633,,,,
25.085367050309927,46.339253828894584,,,,
26.99684577286932,49.12385796358072,,,,
24.242476415973496,55.53853216261268,,,,
22.81713238501319,52.66460224880682,,,,
21.89028996353315,64.69827056728361,,,,
19.12720739815152,66.38223367108561,,,,
22.704050425953213,70.6870074537583,,,,
21.41189809917028,71.06252924012608,,,,
17.86393309087973,73.67297397321235,,,,
18.927778980558248,78.47936132229889,,,,
17.687853821600466,80.2872073353534,,,,
18.068195809928177,81.44272717124578,,,,
21.556413080887115,69.63765352367065,,,,
24.57339006099107,57.530298530116205,,,,
27.357695783557485,56.46240889195271,,,,
26.652701620629827,51.612135579283,,,,
31.976315610048403,48.40378947649963,,,,
30.81951681952025,45.34285388193329,,,,
33.22403447150856,40.85082565671955,,,,
32.328803912809505,34.34654515344001,,,,
33.0811968722047,31.72585871223075,,,,
33.91777654393808,31.273927945312778,,,,
35.161878293704156,34.08975236544807,,,,
31.917694357093893,32.3825210567726,,,,
28.875707670965596,38.63059366887522,,,,
27.875810531613695,36.067239436762264,,,,
26.643147175584183,41.90489807809044,,,,
24.601764760367,42.16666363847884,,,,
24.237493595250818,43.42942988656649,,,,
27.266241951292965,40.86166267931355,,,,
24.229962259378087,47.80029666585359,,,,
24.493853913510975,48.37947865223718,,,,
19.930993817308178,62.293155465705546,,,,
20.46776280187123,60.945849550199526,,,,
18.152354972709542,51.24645740443438,,,,
16.798899940264878,53.93174174925099,,,,
17.628999939446672,54.190913591654684,,,,
22.46049698026555,44.891630380529456,,,,
22.54981192489012,44.730035865711415,,,,
27.44559418814499,39.162325247142704,,,,
24.298056441440288,37.806392145951094,,,,
27.949959367776287,35.536669769200884,,,,
30.69858782873125,36.42968096624038,,,,
27.769266041817318,36.33957907937409,,,,
33.490623420674694,32.57498454493342,,,,
32.76839288805885,34.081746633725565,,,,
29.60999205321557,30.118808875311196,,,,
32.749926002816366,36.08481933953619,,,,
27.658161449796864,31.47624383486416,,,,
25.341453027824294,42.10595407570714,,,,
27.294007127500507,32.60233285038021,,,,
27.311576675472516,39.007763988145946,,,,
22.599023529255547,36.62670537760092,,,,
23.66834838684764,40.82188485780331,,,,
23.027260797563603,39.77593621186815,,,,
21.73194062534431,47.15936184626559,,,,
19.04927479842241,43.0560645272233,,,,
22.01131008933945,43.62316682279001,,,,
19.261956906941112,42.4072262278312,,,,
18.590666042127143,47.784081533387955,,,,
18.06812174949035,60.57161957393487,,,,
23.613264431014645,44.18389710481431,,,,
27.773901042145418,42.77977119031843,,,,
26.411431694295963,34.07188759916668,,,,
26.102403211639917,35.59550290408772,,,,
30.44650707118442,36.69888233442265,,,,
31.64468533233916,34.04748482564915,,,,
29.22348159222011,32.24642785599791,,,,
32.95776624768099,30.288350196253546,,,,
32.66092612004736,32.18192382528851,,,,
28.40654005989568,32.82617245270293,,,,
32.14263013666504,32.10049766782483,,,,
27.255882387746528,31.795354881340387,,,,
28.937262007678587,33.10971456297952,,,,
25.59465868213086,36.73363929685283,,,,
22.226790724231783,37.59276141288853,,,,
22.637471993920062,45.11452549977648,,,,
21.447506376917662,60.0995690612907,,,,
21.92464967700833,45.14146304340388,,,,
20.37387004197696,58.59426858766222,,,,
20.85777817399172,51.042451089123944,,,,
18.908885053966383,51.86995290368795,,,,
19.22061775573037,52.336374649208445,,,,
21.07397981346456,49.86410590856484,,,,
19.670804506423437,55.2558390177286,,,,
23.988305386895057,47.55209124443155,,,,
21.719716973596405,60.59318546872482,,,,
19.20826834379138,72.4187328290479,,,,
18.388470064016758,95.65643703969357,,,,
20.79505541444554,74.97598307044603,,,,
20.456264575246127,69.61892107623736,,,,
20.676432723877973,72.31942310512413,,,,
20.127202146873405,72.63007093584191,,,,
26.633798710883855,60.062482477891564,,,,
27.547443244798647,53.330548571413374,,,,
28.236268737002142,51.04553558090159,,,,
25.273989863376656,52.79253428847527,,,,
26.680397387821703,64.32079291058473,,,,
22.070901607687457,67.5945893001493,,,,
22.426220078710777,72.25836142383099,,,,
20.77955158315915,66.5429604532405,,,,
19.23705555643096,73.1900798346239,,,,
20.680822257567915,73.6683871157551,,,,
17.9351745296857,77.58158877125567,,,,
20.965483264748258,73.96352460338494,,,,
18.420044176503986,67.6665482188211,,,,
20.75584035474791,70.23923717404985,,,,
19.927798756894504,80.28512142715924,,,,
21.811953911067487,75.46031845267866,,,,
21.636176831364345,61.83400299768528,,,,
21.259780141227647,73.44812792566461,,,,
24.32138961175777,64.59564405132257,,,,
25.647586863242935,55.227652691941955,,,,
31.835803466354907,44.25434750939033,,,,
31.437056536534975,36.2782088849561,,,,
29.80604608605739,49.05587495516035,,,,
28.40118856269172,39.59267569936787,,,,
31.145268433797924,32.50832959422535,,,,
29.525747944210238,32.660814088062146,,,,
32.10354595073545,32.98707396872307,,,,
30.364823071435794,41.43663608711308,,,,
29.36332784913622,42.54956922009521,,,,
22.921816745920296,49.18685733477996,,,,
22.66149467885391,68.34674814299963,,,,
23.29321487470131,64.27060626282791,,,,
21.702420910552675,68.9844193508229,,,,
19.159392680450942,69.41728005047426,,,,
21.91193616813035,72.52277279270223,,,,
20.81290548470238,69.37930632672837,,,,
22.910325477772705,69.0379821114334,,,,
20.360600270865355,67.39645231603744,,,,
19.543992510169,69.71887021660604,,,,
18.983888745333473,86.51322291887863,,,,
19.18022586744037,81.60052185525906,,,,
21.869695443420266,71.26656337145609,,,,
21.982897168922953,71.67366144495672,,,,
18.285712343805734,91.45721121491405,,,,
17.257863434734336,88.60669489198713,,,,
19.912745829512204,91.28051100424302,,,,
17.588516190395893,84.31373048525953,,,,
18.326650497709654,80.10235678940766,,,,
19.942476213101422,75.0919083237509,,,,
22.486440812617435,66.68734665984208,,,,
22.902981759224673,57.11570766890824,,,,
21.44541822497663,67.7390789634912,,,,
23.100943183141208,64.03040545342745,,,,
19.997008842328842,76.77938806727107,,,,
20.571615675541445,69.84419392156724,,,,
19.617058279592527,83.25092307461327,,,,
17.227305736523842,86.4060077617784,,,,
19.691907733865854,78.75045719257405,,,,
18.85535240056201,74.12753219013597,,,,
18.579957896537056,77.69172906622308,,,,
16.858086442447437,94.15994589141363,,,,
18.70195460158282,93.82004197378325,,,,
16.712051201859133,97.40089586639027,,,,
18.97519804004372,101.58310814872578,,,,
18.510706566356358,97.47753398576684,,,,
17.03873291447792,86.81179446624343,,,,
18.332080248543676,89.398621449485,,,,
18.814625197441234,74.80236611513737,,,,
21.52156104999422,76.99645166300236,,,,
19.737470396771414,70.14678039246783,,,,
26.648011700224625,57.4023708948426,,,,
23.073474828871,46.75183001226781,,,,
28.094520192098173,41.43322072986324,,,,
28.757710868333465,45.832996972935184,,,,
24.286802860116552,49.796473084568234,,,,
21.308454274477775,57.68296739254909,,,,
22.811700502473172,65.06768073693856,,,,
21.105972033930037,66.38172331804229,,,,
19.000076260970417,77.54140708329741,,,,
17.9187529395343,81.91403587787183,,,,
18.005983239642323,90.82329985414879,,,,
18.73365553502702,94.61533617163022,,,,
16.66021576384382,78.1767583805455,,,,
17.95138022885424,71.79411754577859,,,,
17.425632080298207,86.22608382158585,,,,
15.78844818509091,73.23795541373211,,,,
16.00960982467144,84.90534916577597,,,,
17.664837061309193,77.89816656946918,,,,
20.22186820790553,58.304409509197654,,,,
21.653825747320376,62.88490636882095,,,,
25.781851169977333,50.09806285104057,,,,
25.05725529707749,39.85173639737994,,,,
27.11181372441661,38.32809639473537,,,,
28.25750580220459,39.6054076603756,,,,
30.42856320387484,35.63926725670694,,,,
26.582899002516235,40.28464746857803,,,,
29.566061594172425,40.90987456162617,,,,
28.91429795339974,42.77337264950622,,,,
25.895949439648337,34.77579085859911,,,,
24.850571019157474,44.984443310878916,,,,
26.190107767377093,45.64133739358109,,,,
22.73375827891194,50.37850454018891,,,,
22.974310922203724,62.728895988435156,,,,
22.540488620530173,57.882500322663965,,,,
21.336221805114242,57.41145198805298,,,,
20.804040325260637,72.43434196929647,,,,
19.45263251031882,71.38348303077154,,,,
17.177354803430525,70.90849337873044,,,,
18.769477478853588,86.20939279647241,,,,
17.525661944810544,72.46127108381448,,,,
16.925315179811733,76.5809803745545,,,,
20.05425925775361,77.42288077868642,,,,
21.6716528437429,61.217562560700294,,,,
22.890405871329623,49.095692365779065,,,,
25.589890473321105,39.584278130368865,,,,
26.50300407131935,41.629949598477296,,,,
24.51247178100453,40.56400707857413,,,,
26.674086689605105,38.86164145470526,,,,
29.626365594945593,35.527521773394355,,,,
26.01740118235383,32.319362010458775,,,,
27.76249370257265,33.427556105637045,,,,
25.784456733190993,29.55827608420895,,,,
25.549287836661694,31.848413622122436,,,,
24.399206903555665,33.59737646330995,,,,
26.359529364157723,36.55485008873147,,,,
23.050989648577414,42.493655423666695,,,,
21.75256697945484,53.418985664979104,,,,
23.160147965960277,52.690736426799155,,,,
20.073706035122825,55.34163098037272,,,,
18.22406805478252,57.14178986285243,,,,
16.91396554468188,62.71730617339317,,,,
16.402550293842932,72.88823136000354,,,,
16.62152286213099,67.49691597949835,,,,
15.458419102987115,64.17147353139958,,,,
17.70044136519376,69.05865894863693,,,,
17.24098756995561,55.467323225897246,,,,
21.221070386853963,49.756260772242214,,,,
24.53992957124691,40.2566477411555,,,,
25.059410033210806,36.161752583363146,,,,
24.10318620782899,37.99966519886973,,,,
29.90860744087347,30.958868637583763,,,,
29.572114398952024,28.661456962502413,,,,
29.06074117129606,31.670278756498817,,,,
30.050321297222066,27.88516801461836,,,,
27.15592261076732,30.141309592567936,,,,
25.558890676095235,32.397292264079866,,,,
27.92738890874393,32.85720991531646,,,,
27.736480218966232,40.54420158506899,,,,
25.541404252090608,39.938186309992545,,,,
25.03693094484527,47.84227474452363,,,,
21.85426680309682,51.33113522761545,,,,
21.83498029209532,57.76804722763704,,,,
18.9325727438019,52.42239552145151,,,,
17.710745376420565,59.47135641097613,,,,
18.861957997580408,59.00984427127412,,,,
18.759600119828853,68.70104833705976,,,,
15.781402038948471,72.79680951946528,,,,
19.00842743532466,66.43239602696806,,,,
16.049845668258254,66.33091278802873,,,,
19.367510113201917,64.9164878673797,,,,
19.643139044361416,56.27409488396365,,,,
19.191963531968113,60.33084142659262,,,,
21.736118561733207,52.90056043814136,,,,
22.585926957446738,59.176691974190895,,,,
23.631036228853887,56.6466527732403,,,,
21.895303418138877,45.24062042862909,,,,
22.977119582083162,63.08233722923701,,,,
22.242769517608806,55.09611184220041,,,,
20.959943165005864,51.66825258756301,,,,
20.76458412513485,75.3395902121383,,,,
21.155341741417175,58.97369472765753,,,,
19.99593828558413,64.90560725982057,,,,
21.17326912058564,44.73784672424316,,,,
20.378192613263455,42.408584201813774,,,,
18.80653147535977,54.79226495060853,,,,
17.464012491726802,72.32232559199791,,,,
16.818043794920346,74.0644489867121,,,,
14.711146599904717,78.4158950223641,,,,
14.739013852850476,72.41453755956037,,,,
14.911107141003825,81.88735883297247,,,,
14.611007961779292,78.64071091443328,,,,
15.011706015015639,69.18577897993501,,,,
15.196472287633888,75.20487532265992,,,,
14.316633190761472,72.15538018562975,,,,
17.44217681009659,60.20777570687422,,,,
17.32315927952112,62.505630202221404,,,,
20.23710983759591,55.48052436701687,,,,
19.994751549902638,47.55944150618328,,,,
20.5445902298802,41.75724790043131,,,,
20.947288943295682,42.81359801412126,,,,
22.465951200817475,38.913330653236684,,,,
21.941139461102082,42.500734763877105,,,,
23.554092874374778,38.8910379968915,,,,
20.616790074039745,42.386147516851956,,,,
24.01739777716796,36.82619849079967,,,,
20.443083294471922,41.27855787597395,,,,
22.562990800631216,39.662411452885976,,,,
19.747245500503354,54.37325245780327,,,,
17.703028071654845,54.643634037438396,,,,
16.768462086981174,53.439958963026676,,,,
17.15312575272896,58.20912305688068,,,,
13.855536275123521,58.08157429512167,,,,
15.975165880865971,59.08050826513802,,,,
15.207265480841906,58.572042310127216,,,,
13.145551597804557,66.95591393134994,,,,
14.220943429735922,75.7851573793217,,,,
14.682996007475268,72.1175970583959,,,,
13.944680527501767,69.36709413285408,,,,
19.57709771048616,57.58874376462356,,,,
21.512509480553625,53.67246705324027,,,,
20.75087057539753,42.15215436483216,,,,
24.68895803742021,44.20523302777573,,,,
24.473236277601067,43.56305331531089,,,,
28.084476972023,44.60630090816817,,,,
23.79465865103118,39.263747253544416,,,,
25.426001873754313,39.97877830499992,,,,
26.877982094424972,40.89769064214101,,,,
25.979567716832953,36.74710408032401,,,,
28.122855695468505,35.266820984901784,,,,
24.346688192781745,39.2982818922411,,,,
24.709648300454827,49.28639422479198,,,,
23.721617190675687,55.769619357608846,,,,
21.39667551450266,55.0668579352544,,,,
21.748019747035535,64.78768384815373,,,,
17.452912198251774,56.67738233185568,,,,
19.959558140889513,60.06343965736345,,,,
16.882441840081185,63.779530596655995,,,,
16.873670060836215,75.33054567909173,,,,
17.178406202154974,79.04611936877012,,,,
16.329118525892518,71.97588114052385,,,,
16.34155810348504,79.8843291113355,,,,
17.39633581434552,62.92950942785225,,,,
22.493229627449182,55.73261670545913,,,,
22.994335072420764,48.25986964425365,,,,
25.70398630259252,41.42916202167605,,,,
24.912087534674164,35.84403867582542,,,,
26.29608876131427,36.32422273585873,,,,
25.691691725037238,34.74093202206989,,,,
31.51157888512735,28.588261714676033,,,,
28.819347628351263,27.99014422022581,,,,
28.54620509771918,27.191518894856387,,,,
30.920850262800904,21.720983122935078,,,,
30.129791572047587,30.153954169700206,,,,
28.05121190673696,28.173418213272292,,,,
28.32618375852946,32.55477679856867,,,,
22.56727800706988,43.751763687434696,,,,
21.01792299857761,48.20036003293307,,,,
22.715100290052128,49.13774992097318,,,,
23.15531992344701,48.98229696062627,,,,
18.243348719181466,53.301513361412304,,,,
18.39841827174166,58.500358620305036,,,,
20.006471527618636,57.6158679660292,,,,
18.689415548503924,55.660610185321495,,,,
19.095723464749746,62.80158624366488,,,,
18.125387136776492,68.55018006393945,,,,
19.772936642734297,54.98647603343889,,,,
23.150740042778565,51.13374264605204,,,,
23.204761155606842,45.354306971279094,,,,
28.45391089599554,39.68163167570795,,,,
26.842530137794878,34.86180863705535,,,,
30.557149136051596,33.252459638647196,,,,
30.985371448338235,31.601991967205194,,,,
29.297353051292614,31.35778850823596,,,,
33.147377643977734,26.038026354032407,,,,
33.09989638801385,28.930976339675087,,,,
31.61719995406518,30.174184847812032,,,,
28.90181606503592,32.46474196315816,,,,
29.529625423925904,29.614836801777514,,,,
25.962276330967196,36.35554479188086,,,,
23.104294611157158,47.060869875722304,,,,
23.284225585226654,45.93293821375506,,,,
21.245378183967386,49.915563057071466,,,,
21.657670384286334,44.92792954531422,,,,
21.03916586174895,54.371523847713036,,,,
21.09545238322267,50.589838613598815,,,,
23.49569161890733,55.77233423371448,,,,
21.948430673289895,58.03651684257108,,,,
20.84672162845501,65.86493600838273,,,,
19.58014657662592,72.7470641781281,,,,
19.292470731702036,77.42603813359798,,,,
23.97146116566229,52.19970349005364,,,,
24.52427882337349,39.661954113292055,,,,
29.711685381256885,39.1138869800322,,,,
28.66376051156156,41.53815559903334,,,,
27.06367938821381,41.40930590376014,,,,
27.23335176662402,46.49770367815645,,,,
26.65748919839403,38.51137728428297,,,,
31.289070947764223,30.514570514887907,,,,
31.918577694900595,35.99198547324584,,,,
28.24611573229195,43.03190566021202,,,,
24.67616369485361,76.38589799810084,,,,
23.01559901683255,80.6225645580075,,,,
21.682052821373397,69.66038338727616,,,,
19.475898149045538,79.3259881371811,,,,
19.935608050425746,75.41099890035458,,,,
21.039658875412655,68.65294382157519,,,,
17.67267895727331,67.0891535066936,,,,
19.27771001166463,82.07091298498489,,,,
19.807736599384263,77.79508517132862,,,,
17.420749456435882,82.06746626767621,,,,
16.02711989143998,74.54660434922019,,,,
16.978214788042166,74.10591260030645,,,,
17.865211063047234,68.51609340582974,,,,
18.928763300250687,73.84128945452348,,,,
21.0282853804964,68.061965547954,,,,
23.240558494655716,51.309804037253706,,,,
23.07119591219294,49.63196674152504,,,,
29.43871901347298,46.83980638095192,,,,
26.15138048273517,36.526640693315116,,,,
32.64822457989262,31.881902640495266,,,,
30.612326694906418,32.98105468795172,,,,
29.64174634050833,27.90200220039855,,,,
32.03700776130219,28.40755954115786,,,,
31.266798192228535,32.874516627450454,,,,
27.312957022241058,32.83518180394518,,,,
29.871178407977872,33.27959568873066,,,,
27.29172773710565,39.505142031361196,,,,
26.297732707366293,44.07534570666519,,,,
22.149314733544852,46.46419822117724,,,,
21.13194211918958,55.134670250014366,,,,
20.30545167175407,58.56174784674375,,,,
21.562322846134883,59.630526654093906,,,,
22.044121559570044,61.384556241341215,,,,
19.994116254506338,61.51396874266604,,,,
19.44311951513097,59.84220469445408,,,,
17.98136229415111,58.67648108729845,,,,
19.636695724683175,59.996142979053126,,,,
20.85398822094616,55.72861615984567,,,,
24.625893098281907,46.82521347717689,,,,
26.120644996801268,45.12801559394524,,,,
28.38096147868732,46.148671091734535,,,,
29.068992485928952,37.308206203710334,,,,
29.49847449024228,32.771793731136256,,,,
26.049258386480005,38.83613606030767,,,,
29.178773874133547,33.71130635542325,,,,
28.515489168446337,29.58381635666272,,,,
26.6013786534033,29.791986132724873,,,,
27.882928471566704,29.19166339713631,,,,
28.259903909005335,35.29223741105971,,,,
29.464234394652724,31.23842672347494,,,,
25.339620461929456,39.48940822284892,,,,
24.099393062592423,44.420498534814655,,,,
23.535292324296226,46.973067439176106,,,,
23.05413459591787,53.44984112035594,,,,
20.398671305921653,64.71831686191148,,,,
21.70328356066576,64.92391835969953,,,,
20.905864740070072,60.485210576323404,,,,
17.254396410076964,70.56651866819105,,,,
16.565554050203833,68.15823205924325,,,,
19.26167555911949,66.73268723112683,,,,
20.001456577618264,65.05567735387173,,,,
18.080565782439734,65.2169476505214,,,,
24.659470217286376,50.70673864846607,,,,
27.464607636895497,44.90041637703197,,,,
28.06822145749355,45.200859549709634,,,,
26.421729931629667,42.813780462175565,,,,
28.75782046112913,35.0782066905385,,,,
31.11482623833227,36.21004846604723,,,,
32.538037815215795,30.118748192225333,,,,
30.07593576034812,33.35707678453578,,,,
32.38306154071265,33.19066413523736,,,,
32.76997063708551,32.57494051975867,,,,
30.816311903352336,29.710685051184022,,,,
28.84399709356299,35.37018166768044,,,,
27.55045690323101,44.90474051808836,,,,
26.03676306129213,45.68558079332819,,,,
25.387201359153863,51.592632450362615,,,,
23.809535897125123,46.83613670931783,,,,
25.445544731191024,44.6922376031535,,,,
23.515845932745123,44.68201483662379,,,,
23.369652792489525,59.37001548118578,,,,
17.813439411640886,69.65948361451582,,,,
17.269210002723053,76.5900832625912,,,,
16.95399422377973,68.62773598244988,,,,
18.04677582122729,69.90397810893666,,,,
16.85282075549601,63.43941498429578,,,,
20.50771638529409,57.64956199820382,,,,
25.406924198941315,43.540122395131625,,,,
26.94481722193058,36.32394739222111,,,,
29.170196786716442,35.74723752805277,,,,
32.54765945566867,31.705454908803553,,,,
30.09691091450451,30.772357087351576,,,,
32.140883837385104,24.53174973255392,,,,
28.857334718053647,23.497504997881308,,,,
30.92942068420713,26.79597137666972,,,,
28.452207691568447,28.15818858693095,,,,
28.277773600993225,26.267873102180516,,,,
28.33443356690777,30.54544979822882,,,,
29.783393025940335,32.65896425641092,,,,
24.61867255962499,40.21122126245225,,,,
23.440618835985717,43.1543391195412,,,,
24.388437439928516,45.39558038548403,,,,
21.073747335400416,46.48340517875695,,,,
20.798008432941764,52.48032503584561,,,,
20.40373590586378,50.3696461505294,,,,
21.40382689258227,53.855568416029186,,,,
20.839705489722313,55.70524186265225,,,,
18.161663767381135,50.895668582645165,,,,
20.93961356672164,56.234056510516176,,,,
20.074458837745723,53.558438734392254,,,,
24.679452028439442,51.11129352552163,,,,
27.99305372193748,42.21357069385713,,,,
27.08776526552947,36.11766244772574,,,,
27.877437841777006,28.40633461373446,,,,
32.19830829411133,26.416613997429167,,,,
30.71670575468373,26.412407809296372,,,,
30.462722630344704,27.017395708963953,,,,
30.253539622802403,32.634022537289084,,,,
22.318106461342378,83.46044711965095,,,,
22.67803859699194,73.1598867071319,,,,
21.008003978092365,92.74424720325636,,,,
21.644893814594894,78.79697075497512,,,,
18.930583542602168,80.3433156056809,,,,
17.841725319565132,82.0735959357358,,,,
18.709227860166717,80.40647173670952,,,,
19.46660404494624,93.87060467252483,,,,
20.25834526511435,101.7577538903471,,,,
18.178008365837663,100.56140520838645,,,,
20.01385760612374,78.41026113344763,,,,
17.435375539376487,89.1564998954696,,,,
18.767394770864676,85.15582154370392,,,,
19.89424748620585,82.25228883934446,,,,
18.825562893149865,88.20211284965987,,,,
17.82988532471693,95.5881513045049,,,,
19.449992395652256,75.99322874840087,,,,
21.79048468492011,62.630180270026514,,,,
20.86655141864856,77.32177803356787,,,,
22.348500561642666,66.34441051628309,,,,
22.19645115469779,60.345199367091254,,,,
22.002756692728003,65.03204170854143,,,,
20.087309613437085,66.12032211344552,,,,
22.217206993848603,54.808758233226925,,,,
24.691010318550457,64.92404454554998,,,,
25.630470755931736,62.88547408156697,,,,
22.476102069203346,53.832335176836644,,,,
21.429806271089888,66.4810028299622,,,,
20.758093033183627,66.52737668104818,,,,
18.044681418486167,87.67540606558605,,,,
18.24684008356185,72.20007112277425,,,,
16.758358383672427,85.25045841036182,,,,
17.327427273593045,74.62292624071311,,,,
19.43790308699357,84.34561708426637,,,,
16.749704424037546,86.27803041619832,,,,
15.998955973459848,85.68282058070318,,,,
17.474272659338656,75.051440487512,,,,
18.186872078972126,87.59441659329732,,,,
16.59566598486609,77.79246389561035,,,,
16.678580223665765,81.63479625653298,,,,
19.84349183935807,79.814352281483,,,,
19.422265194746792,79.8382359790377,,,,
23.214184434141018,66.50752972589923,,,,
21.216417642089056,55.465791407348675,,,,
21.958354461571897,51.649528379926636,,,,
23.46576767005531,47.64438451722934,,,,
26.05311243048978,52.78584807459916,,,,
27.98907649116471,48.39199743285913,,,,
25.01136539780965,47.943484928471435,,,,
27.368136699709588,51.50484879368612,,,,
28.343786874231384,50.28255493491783,,,,
22.863359644285993,53.34369597037565,,,,
24.429224876213915,55.514338533366676,,,,
22.30542461817729,58.36441604083191,,,,
20.320819051502404,63.85562636849948,,,,
22.060450683834855,56.123165718143206,,,,
22.840357525604148,73.05158766769446,,,,
18.472676322207743,77.79995286533887,,,,
19.404938869830293,69.64748393277051,,,,
21.45166074406742,68.12445410900663,,,,
17.22587430383057,74.54562171161729,,,,
17.116254701078624,68.1807646265064,,,,
16.902385099635723,75.80503152437669,,,,
20.95907992109904,65.75879013234972,,,,
21.72669624229581,59.9620962278437,,,,
23.652192081632368,50.94794461659955,,,,
27.130262648844575,49.541946169862115,,,,
23.819003183094843,45.923196344643806,,,,
27.29397223736485,57.03146204485715,,,,
24.520167634972722,47.12760200790084,,,,
29.858708604073485,44.118722467678886,,,,
29.901594511073693,37.06597232179627,,,,
30.720424650259375,42.631528438991445,,,,
26.531423171445283,51.24137421554899,,,,
24.654768168846267,72.33964845507109,,,,
25.23284280199725,71.73802590712404,,,,
23.363654285595935,69.20111209795235,,,,
25.488285968154294,56.03154894023183,,,,
22.026325547436585,58.74631181210622,,,,
22.141734020660625,55.8530027840193,,,,
23.053453417243226,56.55671590810942,,,,
20.887342907209568,67.59636414467522,,,,
20.72927067522435,56.195477857906205,,,,
21.336532839803155,62.78316979431106,,,,
22.83974233745104,63.68115097480777,,,,
21.294710695685538,70.52628794036441,,,,
17.307988530423362,80.1667542416059,,,,
22.253066351088606,63.07858756583923,,,,
21.48193294308135,67.46817374889585,,,,
24.878422284525854,55.05793328084258,,,,
25.814103216673026,50.846074175709745,,,,
31.09684482507318,46.083991113831324,,,,
31.974688950809597,38.16887725834397,,,,
28.797885851190205,36.51541463798024,,,,
29.015741241070895,36.37441966786935,,,,
32.01618240604104,37.16020693285192,,,,
32.03329341529273,36.057110605404596,,,,
31.447251035136055,32.612297410342194,,,,
31.82076207497264,35.34036631993466,,,,
31.865298418824647,41.132413211825714,,,,
29.896693151827495,41.182780325494996,,,,
25.395635923200555,56.882880453579325,,,,
27.053723219455364,52.6815615941144,,,,
27.83423220722211,47.53654406019651,,,,
25.77331900676384,49.51723210307747,,,,
22.87318032261408,52.781066490551304,,,,
22.84106594293639,56.25090335701814,,,,
23.797550423009312,64.46586089908669,,,,
19.92988776848232,62.79634872633577,,,,
23.90240060217932,61.703389821208766,,,,
23.947514537923208,58.264335724603306,,,,
23.393233797191588,48.05114013337331,,,,
24.52457511016536,51.145463991265025,,,,
28.56181476203301,49.03259815253091,,,,
33.97368247368242,37.2447318548646,,,,
29.16265131693135,39.52068742821951,,,,
34.14609132600622,30.20876224622025,,,,
36.73881773618616,27.583072780619197,,,,
31.81743249875902,27.94905568630399,,,,
33.88367087142954,31.168793695017584,,,,
30.851909551903955,35.78612513459618,,,,
31.212134212081853,29.23873833891406,,,,
30.18213133632261,37.499269507627645,,,,
23.235302430778734,57.29883533958723,,,,
24.26004603090511,56.61118469311807,,,,
25.871258615624686,56.41933787553623,,,,
25.626722421624777,54.47129928437703,,,,
23.829798491699844,63.676257876824316,,,,
22.85264752105439,59.178570766729266,,,,
22.905454724789198,49.6969027602326,,,,
23.044812303123095,62.50116441178021,,,,
21.317092824824265,66.57046153495988,,,,
21.337134995483762,58.92782780499809,,,,
19.74408109085687,65.86182570753716,,,,
20.406070363861094,64.40035880069235,,,,
21.660524391994784,64.19221239545831,,,,
23.339167902561893,49.902885823495566,,,,
